titre,localisation,prix,N_chambre,N_salles_bain,surface,etage,Type,description,equipements,lien_annonce
Appartement 3 Chambres / Terrasse et Vue sur parc,Mohammedia,10 000 DH,3,2,,5,"Appartements, à louer","Cet appartement entièrement neuf et bien meublé offre 3 chambres spacieuses, un salon lumineux, et une grande terrasse avec une vue imprenable sur le parc. Chaque pièce est aménagée avec des meubles m","equipements : Ascenseur,Balcon,Chauffage,Climatisation,Concierge,Cuisine Équipée,Meublé,Parking,Sécurité,Terrasse",https://www.avito.ma/fr/quartier_du_parc/appartements/Appartement_3_Chambres___Terrasse_et_Vue_sur_parc_55693483.htm
شقق للكراء 108 m² في طنجة وسط المدينة,Tanger,5 500 DH,2,2,108,6,"Appartements, à louer",شقق للكراء 108 m² في طنجة وسط المدينة تمن 5500 درهم المعلومآت أتصال بي هشام أمنية مرحبا,"equipements : Ascenseur,Balcon,Chauffage,Climatisation,Concierge,Cuisine Équipée,Meublé,Sécurité",https://www.avito.ma/fr/centre/appartements/%D8%B4%D9%82%D9%82_%D9%84%D9%84%D9%83%D8%B1%D8%A7%D8%A1_108_m%C2%B2_%D9%81%D9%8A_%D8%B7%D9%86%D8%AC%D8%A9_%D9%88%D8%B3%D8%B7_%D8%A7%D9%84%D9%85%D8%AF%D9%8A%D9%86%D8%A9__55725127.htm
Appartement à louer 60 m² à Tanger,Tanger,3 500 DH,2,1,,2,"Appartements, à louer","شقة مفروشة و مجهزة بحي الزهور قرب ملعب الزياتن
غرفتان، صالون، حمام و مطبخ بشرفة
للطالبات","equipements : Ascenseur,Balcon,Concierge,Cuisine Équipée,Meublé,Parking,Sécurité",https://www.avito.ma/fr/autre_secteur/appartements/Appartement_%C3%A0_louer_60_m%C2%B2_%C3%A0_Tanger_55632266.htm
Appartement de 3 chambre meublé en location,Casablanca,16 990 DH,3,2,171,2,"Appartements, à louer","Emplacement : Casa Finance City
- Superficie : 171 m²
- Description des pièces :
Grande salon
3 chambres
2 salles de bains salle d'eau
- Exposition solaire : Bien ensoleillé","equipements : Ascenseur,Chauffage,Climatisation,Concierge,Cuisine Équipée,Meublé,Parking,Sécurité,Terrasse",https://www.avito.ma/fr/casablanca_finance_city/appartements/Appartement_de_3_chambre_meubl%C3%A9_en_location_55721284.htm
Appartement à louer 110 m² à Marrakech,Marrakech,5 500 DH,3,2,112,2,"Appartements, à louer","Vous propose un joli appartement meublé.
Quartier Issil
Proche de toutes commodités
Proches des écoles:
• El Araki,
• Manal,
• Awail,
• École des mines,
• Sup de Co,","equipements : Balcon,Chauffage,Climatisation,Concierge,Cuisine Équipée,Meublé,Sécurité",https://www.avito.ma/fr/issil/appartements/Appartement_%C3%A0_louer_110_m%C2%B2_%C3%A0_Marrakech_53558791.htm
Magnifique villa meublée située derrière Mac Do,El Jadida,11 800 DH,4,3,200,,"Villas et Riads, à louer","Magnifique villa meublée située derrière Mac Do
Référence LV4aout24
Type Location
Description Ensoleillée, pas de vis a vis, bien meublée, bel aménagement, gardien, piscine, parking, camér","equipements : Balcon,Cuisine Équipée,Jardin,Meublé,Parking,Piscine,Sécurité",https://www.avito.ma/fr/autre_secteur/villas_et_riads/Magnifique_villa_meubl%C3%A9e_situ%C3%A9e_derri%C3%A8re_Mac_Do_55421198.htm
studio meublé à louer à boulevard Bordeaux,Casablanca,4 000 DH,1,1,,1,"Appartements, à louer",Studio à louer à boulevard bordeaux dans une résidence 1e étage chmaber salon cousina douche toillet assansuer garage secrète bien équipé...Pour plus d'informations apl moi,"equipements : Ascenseur,Concierge,Cuisine Équipée,Meublé,Parking,Sécurité",https://www.avito.ma/fr/centre_ville/appartements/studio_meubl%C3%A9_%C3%A0_louer_%C3%A0_boulevard_Bordeaux__55673227.htm
Appartement 2 Chambres dans une Résidence Fermée,El Mansouria,4 999 DH,2,2,,2,"Appartements, à louer","Proposé par l’agence Digimo, cet appartement dans une résidence fermée avec piscines offre un cadre de vie confortable et sécurisé. Composé de deux chambres, d’un salon spacieux et d’une terrasse agré","equipements : Ascenseur,Balcon,Chauffage,Climatisation,Concierge,Cuisine Équipée,Meublé,Parking,Sécurité,Terrasse",https://www.avito.ma/fr/el_mansouria/appartements/Appartement_2_Chambres_dans_une_R%C3%A9sidence_Ferm%C3%A9e__55721375.htm
Appartement meublé moderne à louer au centre ville,Tanger,11 000 DH,3,1,,5,"Appartements, à louer","Location longue durée : Appartement 130m² à Nejma, 5ème étage

Nous vous proposons un appartement spacieux de 130m² à louer, situé au 5ème étage dans le quartier prisé de Nejma, à proximité im","equipements : Ascenseur,Cuisine Équipée,Meublé,Sécurité",https://www.avito.ma/fr/centre_ville/appartements/Appartement_meubl%C3%A9_moderne_%C3%A0_louer_au_centre_ville_55533844.htm
A louer Appartement prés clinique Badr(Bourgogne),Casablanca,5 500 DH,2,2,100,3,"Appartements, à louer","Appartement en location de 100 m²meublé sur Bourgogne au 3ème étage à proximité de clinique Badr, composé de 2 chambres , un grand salon , 1 salle de bain , salle d'eau , cuisine et un balcon.
San","equipements : Balcon,Meublé",https://www.avito.ma/fr/bourgogne/appartements/A_louer_Appartement_pr%C3%A9s_clinique_Badr_Bourgogne__55627539.htm
Appartement Meublé à louer HAY CHMAOU,Salé,4 500 DH,2,1,99,Rez de chaussée,"Appartements, à louer","Le Cabinet Saïd BENNIS IMMOBILIER met en Location meublé un joli Appartement à Hay Chamou.

Environnement calme, commerces et proche des commodités.

Descriptif :
- 2 Chambres à c","equipements : Climatisation,Cuisine Équipée,Meublé,Sécurité,Terrasse",https://www.avito.ma/fr/hay_chmaou/appartements/Appartement_Meubl%C3%A9_%C3%A0_louer__HAY_CHMAOU_55344392.htm
شقة للكراء ببيت الصحافة قرب نفق مسنانة,Tanger,3 500 DH,2,1,80,4,"Appartements, à louer",شقة للكراء ببيت الصحافة قرب نفق مسنانة تحتوي على 2بيوت وحمام ومطبخ مجهز وصالون وبالكون مع وجود مصعد,"equipements : Ascenseur,Balcon,Chauffage,Climatisation,Cuisine Équipée",https://www.avito.ma/fr/mesnana/appartements/%D8%B4%D9%82%D8%A9_%D9%84%D9%84%D9%83%D8%B1%D8%A7%D8%A1_%D8%A8%D8%A8%D9%8A%D8%AA_%D8%A7%D9%84%D8%B5%D8%AD%D8%A7%D9%81%D8%A9_%D9%82%D8%B1%D8%A8_%D9%86%D9%81%D9%82_%D9%85%D8%B3%D9%86%D8%A7%D9%86%D8%A9_55725114.htm
a louer appart meublé à bourgogne,Casablanca,7 500 DH,3,2,,2,"Appartements, à louer",a louer un appartement 3 chambres sallon cuisine 2 salles de bains garage. Bourgogne à 2 pas se la corniche et de la mosque. 2 ème étage résidence familiale fermée avec jardin,equipements : ,https://www.avito.ma/fr/bourgogne/appartements/a_louer_appart_meubl%C3%A9_%C3%A0_bourgogne__55623072.htm
appartement meublé à louer,Casablanca,5 800 DH,1,1,50,4,"Appartements, à louer",appartement meublé à louer à belvédère au bon endroit et ensoleillé...,"equipements : Ascenseur,Chauffage,Climatisation,Concierge,Meublé,Parking,Sécurité",https://www.avito.ma/fr/belv%C3%A9d%C3%A8re/appartements/appartement_meubl%C3%A9_%C3%A0_louer__55725104.htm
studio meublé maarif Ruel Zara,Casablanca,3 000 DH,1,1,55,2,"Appartements, à louer",Particulier propriétaire je mets en location mon studio meublé à résidence fermée sécurisée,equipements : ,https://www.avito.ma/fr/maarif/appartements/studio_meubl%C3%A9_maarif_Ruel_Zara__55725103.htm
appartement a louer à Sidi Maarouf,Casablanca,4 200 DH,2,1,84,3,"Appartements, à louer",appartement à louer situe à Sidi Maarouf très bon état 3 etage,equipements : ,https://www.avito.ma/fr/a%C3%AFn_chock/appartements/appartement_a_louer_%C3%A0_Sidi_Maarouf__55679599.htm
Appartement meublé 2 chambres Gauthier à Casablanca,Casablanca,9 500 DH,2,2,110,2,"Appartements, à louer","Loue appartement meublé de 110m2 sur avenue Hassan Souktani (en face de Bookmania) proche de toutes commodités
Appartement traversant bien ensoleillé
- 2 chambres (suite parentale avec salle d","equipements : Ascenseur,Balcon,Chauffage,Climatisation,Concierge,Cuisine Équipée,Meublé,Parking,Sécurité",https://www.avito.ma/fr/gauthier/appartements/Appartement_meubl%C3%A9_2_chambres_Gauthier_%C3%A0_Casablanca_55420997.htm
Dariss Standing Couple ou 3Filles Célibataires,Casablanca,4 500 DH,3,1,96,2,"Appartements, à louer",Bonjour On vous présente Haut standing vide Bien Situé et Bien placé On vous présente Location Deux superbes appartements Haut standing vide pour Couple Marié Ensoleillée très bon Coin à un couple mar,"equipements : Ascenseur,Balcon,Chauffage,Climatisation,Concierge,Cuisine Équipée,Parking,Sécurité,Terrasse",https://www.avito.ma/fr/ain_sebaa/appartements/Dariss_Standing_Couple_ou_3Filles_C%C3%A9libataires__55725080.htm
Appart meublé haut agdal,Rabat,16 000 DH,3,2,,3,"Appartements, à louer","Location d'un magnifique appartement meublé de 150 m2 , parfaitement situé sur le haut d'agdal, près de toutes les commodités nécessaires, très ensoleillé
l'appartement est composé de :
Sui","equipements : Ascenseur,Balcon,Climatisation,Concierge,Meublé,Parking,Sécurité,Terrasse",https://www.avito.ma/fr/haut_agdal/appartements/Appart_meubl%C3%A9_haut_agdal__55713326.htm
studio meublé gueliz centre américain,Marrakech,3 000 DH,1,1,50,3,"Appartements, à louer",Particulier propriétaire je mets en location mon studio meublé à résidence fermée sécurisée accenseur garage,equipements : ,https://www.avito.ma/fr/gu%C3%A9liz/appartements/studio_meubl%C3%A9_gueliz_centre_am%C3%A9ricain__55725066.htm
Bel appartement avec terrasse à Ferme bretone,Casablanca,7 000 DH,2,2,,3,"Appartements, à louer","On met en location un joli appartement 102m² dont 22m² de terrasse situé au quartier Ferme bretone dans un emplacement très calme.

Il a 2 façades ensoleillé et composé de :

*un salo","equipements : Ascenseur,Balcon,Chauffage,Climatisation,Concierge,Parking,Sécurité,Terrasse",https://www.avito.ma/fr/ferme_bretone/appartements/Bel_appartement_avec_terrasse_%C3%A0_Ferme_bretone__55179725.htm
Appartement près a casanearshor sidi maarouf,Casablanca,3 000 DH,2,1,56,2,"Appartements, à louer","Serraj immobilier
Vous propose à la location appartement situé à sidi maarouf, d’une superficie de 56m au 2eme étage, L’appartement est bien ensoleillé dans une résidence sécurisée et fermée, très",equipements : ,https://www.avito.ma/fr/sidi_maarouf/appartements/Appartement_pr%C3%A8s_a_casanearshor_sidi_maarouf_55721198.htm
APPAREMMENT A LOUER POUR FAMILLE,Temara,,3,1,,1,"Appartements, à louer","شقة جديدة للكراء للعاءلات بعين عتيق تتكون من 3 غرف و حمام و مرحاض و مطبخ
إقامة محروسة بالمصعد و حدائق و مسبح
المرجو التواصل في الخاص","equipements : Ascenseur,Balcon,Concierge,Cuisine Équipée,Parking,Sécurité,Terrasse",https://www.avito.ma/fr/ain_atig/appartements/APPAREMMENT_A_LOUER_POUR_FAMILLE_55725045.htm
Appartement à louer meublé 100 m² à nejma,Tanger,7 000 DH,2,2,100,4,"Appartements, à louer",Appart a alouer meublé fnjma 4eme etage 2 chambres salon cuisine 2 sdb,equipements : ,https://www.avito.ma/fr/centre/appartements/Appartement_%C3%A0_louer_meubl%C3%A9_100_m%C2%B2_%C3%A0_nejma_55725040.htm
un très joli appartement à louer,Casablanca,4 000 DH,2,2,85,Rez de chaussée,"Appartements, à louer",je mets à votre disposition un appartement au RDC dans une résidence à côté école nesrina dans un endroit très calm et avec un très bon voisinage,"equipements : Concierge,Parking,Sécurité",https://www.avito.ma/fr/anfa/appartements/un_tr%C3%A8s_joli_appartement_%C3%A0_louer__55721326.htm
studio alouer malabata jusqu'à fin juin,Tanger,3 800 DH,1,1,,6,"Appartements, à louer",studio alouer jusqu'à fin juin,"equipements : Ascenseur,Meublé,Sécurité",https://www.avito.ma/fr/malabata/appartements/studio_alouer_malabata_jusqu_%C3%A0_fin_juin_55725030.htm
apparemment loue longe dure,Agadir,,2,3,90,1,"Appartements, à louer",apparemment loue longe dure hy mouhmdi,equipements : Ascenseur,https://www.avito.ma/fr/hay_mohammadi/appartements/apparemment_loue_longe_dure__55725029.htm
chambre location à rabat,Rabat,1 100 DH,1,1,30,1,"Appartements, à louer",chambre location pour les hommes quartier Hay nahda 1 situé au 1 ère étage Pour plus d'info contacter vôtre agence immobilière Rabat Hn localisation rue ourika N 365 bienvenue,"equipements : Sécurité,Terrasse",https://www.avito.ma/fr/hay_nahda/appartements/chambre_location_%C3%A0_rabat__55725005.htm
appartement 3 chambre salon résidence green parck,Salé,6 500 DH,3,2,126,4,"Appartements, à louer",appartement neuf résidence green 3 chambre salon bien ensoleillé,"equipements : Ascenseur,Chauffage,Climatisation,Concierge,Parking,Sécurité",https://www.avito.ma/fr/sala_el_jadida/appartements/appartement_3_chambre_salon_r%C3%A9sidence_green_parck_55725002.htm
Apt H-Standing 160M²/Terrasse/Très Sécurisé/Racine,Casablanca,11 000 DH,3,2,160,5,"Appartements, à louer","Disponible immédiatement
Un magnifique appartement vide, Haut-standing Sans Vis-à-vis, avec climatisation réversible, très spacieux, ensoleillé, propre, Situé au 5ème étage (Avec ascenseur), d","equipements : Ascenseur,Chauffage,Climatisation,Concierge,Parking,Sécurité,Terrasse",https://www.avito.ma/fr/anfa/appartements/Apt_H_Standing_160M%C2%B2_Terrasse_Tr%C3%A8s_S%C3%A9curis%C3%A9_Racine_55137990.htm
Appartement 112 m à mahaj ryad,Rabat,8 000 DH,2,1,,1,"Appartements, à louer",Met en location appartement 112 m en 1 er étage composé de deux chambres plus salon,equipements : ,https://www.avito.ma/fr/hay_riad/appartements/Appartement_112_m_%C3%A0_mahaj_ryad_55725000.htm
Studio Spacieux au Quartier du Parc,Mohammedia,6 000 DH,1,1,,3,"Appartements, à louer","Découvrez ce studio spacieux, idéalement situé dans le quartier prisé du Parc. Cet espace de vie lumineux et convivial offre une atmosphère accueillante, parfaite pour les étudiants ou les jeunes prof","equipements : Ascenseur,Concierge,Cuisine Équipée,Duplex,Meublé,Parking,Sécurité,Terrasse",https://www.avito.ma/fr/quartier_du_parc/appartements/Studio_Spacieux_au_Quartier_du_Parc__55636801.htm
studio meublé gueliz centre américain,Marrakech,3 300 DH,1,1,50,3,"Appartements, à louer",propriété je mets en location mon studio meublé à gueliz centre américain résidence accenseur garage,equipements : ,https://www.avito.ma/fr/gu%C3%A9liz/appartements/studio_meubl%C3%A9_gueliz_centre_am%C3%A9ricain__55724996.htm
Villa meublée à louer,Tanger,18 000 DH,6,3,400,,"Villas et Riads, à louer",Villa meublée située sur la route plage Achakar Tanger.,"equipements : Balcon,Chauffage,Climatisation,Cuisine Équipée,Garage,Jardin,Meublé,Parking,Sécurité,Terrasse",https://www.avito.ma/fr/achakar/villas_et_riads/Villa_meubl%C3%A9e_%C3%A0_louer__55504859.htm
studio meublé à louer 40 m² à Palmier,Casablanca,7 000 DH,1,1,38,1,"Appartements, à louer","Location longue durée d’un tres beau studio meublé de très haut standing jamais habité tout neuf de 40m2 situé dans un immeuble avec ascenceur et garage, dans le quartier prisé de Palmier.","equipements : Ascenseur,Climatisation,Concierge,Cuisine Équipée,Parking",https://www.avito.ma/fr/2_mars/appartements/studio_meubl%C3%A9__%C3%A0_louer_40_m%C2%B2_%C3%A0_Palmier_54884792.htm
Appartement à louer 80 m² à Sidi Rahal,Sidi Rahal,6 000 DH,2,2,,2,"Appartements, à louer","Appartement à Sidi Rahal en face de la mer
Location longue durée minimum 6 mois
Résidence Amwaj
À 200 mètres de la mer
Se compose de 2 chambres avec balcon salon avec coin télé","equipements : Ascenseur,Balcon,Concierge,Cuisine Équipée,Meublé,Parking,Sécurité,Terrasse",https://www.avito.ma/vi/55668484.htm
Appartement de luxe à louer,Kénitra,8 500 DH,2,2,,3,"Appartements, à louer","Magnifique Appartement meublé et très bien ensoleillé dans une residence sécurisée à louer au centre ville (la ville haute) très calme et proche de toutes les commodités.
L'appartement se compose","equipements : Ascenseur,Balcon,Chauffage,Climatisation,Concierge,Cuisine Équipée,Meublé,Parking,Sécurité,Terrasse",https://www.avito.ma/vi/55697913.htm
